,Adventist movement (Sunday observing),African traditional religions Ethnic,Ahl-i Hadith,Anglican,Armenian Apostolic Church,Baptist,Brotherhood of the Cross and Star,Buddhist,Byzantine Rite,Catholic,Chinese traditional religion,Church of Sweden,Confucianists,Cypriot Orthodox Church,Druze,Dutch Reformed Church,Eastern Orthodox,Ethiopian Orthodox Tewahedo Church,Ethnic religions excluding some in separate,Evangelical,Evangelical Church of the Augsburg Confession in,Evangelical Lutheran Church of Brazil,Evangelicalism,Free Church,Greek Byzantine Catholic Church,Hinduism,Hoahaoism,Iglesia ni Cristo (Church of Christ),Islam,Jainism,Jehovah's Witnesses,Judaism,Maronite Church,Methodist,Mormons,Netherlands Reformed Churches,Orthodox,Orthodox Church of Greece,Orthodox Church of Ukraine,Other Christian,Other syncretists,Pentecostal and Charismatic,Presbyterianism,Protestant,Protestant Churches without free churches,Reformed Church in Romania,Roman Catholic; Latin Church;,Russian Orthodox Church,Serbian Orthodox Church,Seventh-day Adventist Church,Shia,Sikhism,Slovak Greek Catholic Church,Spiritism,Sunni,Taoism (Han Chinese),The African Church,United Evangelical Church in Nigeria,Vietnam Ancestral worshipping / Tradition,Vodou,Yiguandao,Zion Christian Church
Adventist movement (Sunday observing),0.0,0.043019301677676224,0.17713415863174597,0.11345381443842095,0.0658576416254611,0.057248645891582184,0.15459159031091543,0.046081293582006445,0.03725994846682207,0.050675266452710005,0.06965523228344662,0.1488460867240335,0.05409518244079106,0.029252026533985547,0.0483563202882617,0.03702995831036658,0.08292971694409357,0.039695877262901816,0.04260002834359197,0.056840286758629475,0.03433412145880582,0.03219685373678874,0.15100220523240027,0.09544418892533514,0.033261017555389336,0.09511352704651849,0.15141204690538926,0.06601796850027264,0.07042600637938645,0.14205480461824674,0.05240573131421714,0.08379270634887792,0.04977348771817124,0.08250392497151245,0.04619049647585296,0.029658522343476944,0.023774685591436303,0.0357585161798546,0.039944256583423994,0.03558849789609209,0.1708866946348293,0.10088450741735012,0.10663543073417385,0.07450451134088051,0.05344022230072491,0.0644665871781935,0.08828377950212986,0.03612380398477927,0.034995664282686176,0.06423211877314482,0.1377541872025241,0.07324789634298552,0.036543048826415396,0.03070011068190863,0.04123384234652044,0.040843455727783966,0.07418679558631085,0.2863720859538069,0.15447676381644035,0.06546936540527894,0.06137134769323745,0.17348043754159495
African traditional religions Ethnic,0.043019301677676224,0.0,0.2015406576539095,0.10296247195444391,0.06257821244722496,0.07878114779369695,0.17763468680611819,0.050196183127136924,0.06027182343050758,0.03126798836352184,0.03554317165113386,0.12700962700778934,0.027485882370060017,0.06685961904693835,0.06639721593339555,0.044281812930829195,0.07260088283717382,0.10627292638918114,0.07126961476551522,0.05145194690233262,0.06930405293581193,0.09267361880350528,0.11227317858777035,0.08754488336990497,0.0765277345527596,0.08573674517483267,0.11118276743705792,0.08283198646810147,0.08078625645353715,0.1379329795971238,0.05305028863339151,0.07012820389282165,0.07397105192728619,0.060573038952905736,0.05508226918910189,0.03552967386839436,0.02247364687250199,0.06575709443434775,0.05501731679688077,0.06180000976210655,0.1832912890431482,0.10903984121345323,0.08308522841232599,0.06691682253076169,0.08123414140283505,0.03013531934557367,0.09417909201494819,0.05833117506608011,0.05983330424988576,0.07565629522043814,0.11679457702220795,0.07836253897193556,0.06460281976983655,0.0400897803591214,0.053137711631597945,0.03816483223960435,0.05090642640633329,0.2966897001386446,0.124880449664866,0.031671449338143504,0.04167186390761633,0.18770526060850468
Ahl-i Hadith,0.17713415863174597,0.2015406576539095,0.0,0.12316157809613563,0.13524108898379186,0.10030342372084514,0.09960547832256463,0.14111384114267825,0.15342306318466448,0.14775404994258248,0.22034734705206802,0.14908553226712298,0.16774866586619078,0.1900700563735763,0.15758467676943957,0.21267253319782733,0.11945227676764349,0.19857686276143133,0.17629267897540302,0.12720018583587536,0.18074862837507336,0.17791061151764467,0.18874222301816934,0.12452848435223969,0.1779288051855023,0.12535468003556996,0.20216958662187043,0.09234738123478098,0.07061764154344247,0.08958377644719688,0.1308707639330936,0.13181927137403068,0.1728296939939334,0.16429198748814167,0.12112755889362983,0.19872434256488805,0.18981569433503342,0.16967853086655132,0.18284998856495577,0.11188204087904634,0.08852310107116315,0.09211259562037183,0.15222742526747887,0.1147933184660473,0.22809197100571948,0.2219672123853694,0.10844061082446656,0.17915382612662498,0.19350377525606716,0.1088654924041655,0.13633713601895672,0.12520362906970792,0.1779784534067059,0.1729691535216023,0.10816953062752803,0.17308906690755085,0.13837700051121038,0.38321782882554073,0.142593798644296,0.22203113733332092,0.1824091589552291,0.0940720339332909
Anglican,0.11345381443842095,0.10296247195444391,0.12316157809613563,0.0,0.06382713216109137,0.05132265650670145,0.11426794974628411,0.05996414788791692,0.10844202319251607,0.055773776937996226,0.11135473425858547,0.05859845400893914,0.0806840384492897,0.12256248382177926,0.10306248840869377,0.10368575485287891,0.042249308522807054,0.17222358124007153,0.10804572997095878,0.046650193351217235,0.11914826539808028,0.15028338277575198,0.09178754631105836,0.041856382550140285,0.13459720505451053,0.037070719861074374,0.10673172040348387,0.06133040500811432,0.050818662961905126,0.06129624814160702,0.049216804423232625,0.04131633276667009,0.12702651979001625,0.04930233411508803,0.05013320105813848,0.10053179136684846,0.10395163697300319,0.10876208666380205,0.10680527853618352,0.0638746069743049,0.10575736801819581,0.06161124802710903,0.025539586209324772,0.037238423649616985,0.13034671657650757,0.1250280018182391,0.032313733823678685,0.11181020010031217,0.11621739100842078,0.048202961627113065,0.08441232577038672,0.06311302024951185,0.12725192073204625,0.08000464317418592,0.0757647431864206,0.07999466106937911,0.05309775012502408,0.4322136181648065,0.0821904498801253,0.12248133230715041,0.07287718977603135,0.10807395525683289
Armenian Apostolic Church,0.0658576416254611,0.06257821244722496,0.13524108898379186,0.06382713216109137,0.0,0.041300875984244693,0.0914046361869092,0.03673039715415802,0.06690223878084088,0.02649462912374409,0.08142177379722355,0.08087414074456171,0.03345172228432012,0.06592452759963709,0.07118097808740982,0.07037912910954287,0.02335632443123787,0.10760523543582313,0.06594768633108991,0.03847958769702173,0.0710623315580545,0.0992562375813156,0.11555966048310641,0.049824976619512344,0.0885616289156058,0.047358983904290095,0.1080031185037975,0.037916628006751316,0.03894017163103409,0.06101494383775546,0.02689749737684488,0.04046474542083156,0.08584918435603149,0.05884227240800753,0.04294044483886564,0.0667434462832705,0.0480843756128337,0.05913872195769903,0.05813413963355725,0.04397196931553931,0.09233535213818654,0.04812618758340253,0.064536486857546,0.034004757642424784,0.09231388187383212,0.07725448329867178,0.05086351013435319,0.060898148035532514,0.06706148437243706,0.04726905767183897,0.10008374040244787,0.04307011608585242,0.0754123444183936,0.04921539616328146,0.04053526062274783,0.051638928118439516,0.052636563433164474,0.3668832226985092,0.08812731096236287,0.08413173192785565,0.06216888979438323,0.09866273764508084
Baptist,0.057248645891582184,0.07878114779369695,0.10030342372084514,0.05132265650670145,0.041300875984244693,0.0,0.09105952463344444,0.028186742045391785,0.057468525791386456,0.04156645234283258,0.10475943233184,0.0775581834002022,0.061531724291627204,0.07065546305280652,0.07017381347246886,0.07890116098628157,0.031020071830209075,0.08797060577632543,0.06002272541431009,0.02467667812113748,0.06730064636317223,0.07456419738458316,0.10672968427206768,0.038765225169975125,0.06699269682394605,0.040394764910217505,0.10756177598044846,0.019193749351871427,0.020566221682447768,0.05660059587818132,0.02214883817292445,0.04313476618149358,0.08061742279512926,0.054466614210909856,0.01517934886705038,0.07178212644743961,0.06466190321210258,0.06107257341442819,0.06852748607906549,0.025157903168262784,0.09722831197271653,0.040009916727997155,0.05893194560432125,0.025428742071922757,0.09005540522204758,0.10393419538286969,0.02483265641368557,0.0657532089780496,0.07451200354200456,0.017106603716676282,0.08257809414977481,0.029530178708655434,0.0787828383179413,0.043250188264872286,0.03519390427430812,0.05330389880139216,0.03528984922113222,0.4600971082826088,0.08098137858191214,0.11000797935490357,0.059693054444459985,0.10149208674432374
Brotherhood of the Cross and Star,0.15459159031091543,0.17763468680611819,0.09960547832256463,0.11426794974628411,0.0914046361869092,0.09105952463344444,0.0,0.13492104236984645,0.14728027063194332,0.1217205879783701,0.21133006360669496,0.13239563150862851,0.1429000907224153,0.17199954226084907,0.15760423868702642,0.19542556632817376,0.09692462551712824,0.1692673266242935,0.1590304598147043,0.1155155389650235,0.16917222306538607,0.16178670518016527,0.1931226053345831,0.09060166064730911,0.16224537237010703,0.10924403768572935,0.20490547847536417,0.06579379039748633,0.0839213459690806,0.06229088456356205,0.1037755810644718,0.12169163817858653,0.17144368178588307,0.156384204813444,0.11526863537234269,0.181729264095129,0.1671440259221374,0.15892768310703292,0.17204032255316168,0.11720000120124954,0.038345511573383326,0.032245644946030425,0.14902069720809474,0.09015952956203499,0.20767481473265156,0.20590288217007618,0.10090040059937569,0.16979151456468727,0.18045979521027947,0.10466015849787376,0.15430274105947334,0.12835711129000263,0.16484200757885048,0.15327754434037408,0.1197538594377547,0.16490487655926014,0.13252212244483527,0.3382960926845434,0.15991140029019635,0.1989389868958282,0.17484514450834482,0.025183938358465257
Buddhist,0.046081293582006445,0.050196183127136924,0.14111384114267825,0.05996414788791692,0.03673039715415802,0.028186742045391785,0.13492104236984645,0.0,0.036640434270782,0.030055170326090536,0.06257059872541355,0.07615846412995675,0.03477677183693053,0.04393774457638159,0.04244107419982774,0.04076714789086954,0.03416483244322544,0.08564508497230229,0.0301347345601038,0.024308866151287037,0.037299419151547365,0.06732336339727957,0.0910913264308854,0.05462613381877728,0.052243069425613575,0.0497028336142571,0.08368199562891417,0.04321003684866606,0.036179581961877864,0.08298701085869709,0.027449300148977326,0.03493252711365055,0.05530630657268051,0.039846589726273245,0.02579551938625654,0.04202683619427358,0.037142952072173156,0.033513163819241666,0.031719731972522355,0.02111821027539523,0.14071157146856408,0.07172634360478215,0.05258874947094202,0.033012428753872586,0.05186562818963881,0.07622643056576905,0.03723399797492678,0.031209678431628123,0.03680566517991182,0.03084200046979148,0.09090604411545071,0.02784290256293873,0.04908575912677482,0.028570653982668247,0.03213033451710219,0.017971205864608524,0.04077988920272202,0.4062464625304274,0.07807613390838454,0.08022965464414777,0.03161340871515958,0.14379687690729467
Byzantine Rite,0.03725994846682207,0.06027182343050758,0.15342306318466448,0.10844202319251607,0.06690223878084088,0.057468525791386456,0.14728027063194332,0.036640434270782,0.0,0.06466439121867082,0.08368624917123467,0.14281050239581478,0.06518940712333332,0.027648834751659714,0.025607934198650772,0.050747636946234236,0.0825872528123398,0.05387797623785646,0.025865557338005378,0.07247793764850839,0.018060846463587965,0.040809987594843236,0.15025940673565175,0.10394515668821842,0.026706024896645728,0.10000185710315451,0.14346513758829132,0.06858409457508617,0.0677712470582483,0.13485255520117553,0.06937547166744905,0.07246904185163067,0.030758038502681037,0.08838419686914187,0.06256666291183131,0.04781956239318392,0.04237787934067506,0.02403033414392788,0.018651603880761532,0.039970038498679535,0.16647382625082366,0.10581013385270564,0.10781151237474164,0.08450199844165213,0.04638043010003276,0.09110664473542644,0.08498430227137896,0.015316677241072283,0.025266045217035554,0.07111565246644608,0.14139796642173724,0.07002234937721541,0.01803036006026475,0.055956266155010904,0.0487868298854702,0.042884837413885386,0.08763406473513176,0.2543926491770628,0.1475272055885993,0.08919507524758935,0.07516023537898021,0.16484072908847405
Catholic,0.050675266452710005,0.03126798836352184,0.14775404994258248,0.055773776937996226,0.02649462912374409,0.04156645234283258,0.1217205879783701,0.030055170326090536,0.06466439121867082,0.0,0.0451991797926432,0.0758988577152062,0.018057318092454495,0.06826964969103942,0.06642582028356389,0.04872962991025847,0.027631412201800987,0.1152999269151681,0.06149407403163946,0.02274977540360694,0.07274740939407225,0.09593423164976683,0.09663834874280594,0.039337547017327425,0.08485434256030325,0.04456986423741614,0.09907429410091426,0.03877387998742229,0.039686805667137816,0.07737322664081038,0.019922858540727322,0.03497275292212852,0.0784679387329737,0.0394583218347107,0.028727203839973445,0.041095934857015515,0.03471555875223288,0.05789585574124439,0.05860482323273724,0.03936682134950629,0.11840223887880941,0.05647069235196484,0.05037785548609376,0.02530255306961913,0.08616438408875034,0.045324916452372924,0.048126342900983235,0.0617780802146555,0.06593029827544339,0.03858991830623984,0.09229542038070286,0.04973654029356401,0.07625073163967146,0.03206935110419136,0.03523325649864296,0.03045583396703378,0.032140998175000345,0.3999191726344516,0.08860991678851901,0.052580293485353244,0.035416042927984226,0.12422108627302082
Chinese traditional religion,0.06965523228344662,0.03554317165113386,0.22034734705206802,0.11135473425858547,0.08142177379722355,0.10475943233184,0.21133006360669496,0.06257059872541355,0.08368624917123467,0.0451991797926432,0.0,0.13281735262378913,0.03909572189771568,0.08261973081851914,0.08458841100326897,0.047046283131661086,0.0862956879058966,0.13935115591807473,0.07247178819529912,0.07411592142476639,0.08072042187004004,0.11418590405786064,0.11908728017630756,0.10144709760111364,0.09730086333148526,0.10474211080143005,0.12428018612861055,0.11261215638219457,0.10307558184878493,0.16272359774276843,0.0795461299908612,0.0843945559735724,0.09477457959821847,0.06442438655328551,0.07912143725684129,0.04066376177424667,0.046688211402959826,0.08258200914008478,0.06985885807711151,0.0823103304306297,0.2132435157511772,0.13707989608870716,0.08767816561100537,0.08712362622325782,0.08867157586352681,0.034511117407172484,0.11420201668527753,0.0724439435205499,0.07590431538979721,0.10220060545322936,0.1367851066229854,0.10194981395052773,0.07940104363611615,0.06170519389684147,0.07859397997423528,0.032430599345990095,0.07699800056827828,0.3337164999746642,0.13718308157268244,0.05027122866188768,0.03679167090088443,0.2172477473956006
Church of Sweden,0.1488460867240335,0.12700962700778934,0.14908553226712298,0.05859845400893914,0.08087414074456171,0.0775581834002022,0.13239563150862851,0.07615846412995675,0.14281050239581478,0.0758988577152062,0.13281735262378913,0.0,0.09645458655129494,0.153740556102272,0.1385333309292856,0.11783783286208678,0.055265539750461425,0.21565397811102513,0.12994440398987783,0.05277052131488409,0.14767234344576802,0.18598815483114997,0.04916798088828266,0.04149387941148416,0.16932399673037832,0.07491166711716485,0.08144691778190134,0.09343887708165349,0.07918670397078893,0.05546643917260869,0.06114142965259107,0.053864428126195296,0.16284680354470893,0.05613352225678983,0.07428425044017865,0.12311756294426267,0.13449546125711864,0.14288796696334435,0.12982742744235254,0.09199337472392399,0.10798853569929034,0.08081879191981646,0.04797907452658947,0.04190267550547547,0.1418751512108693,0.1561754236110886,0.046271899846926826,0.1390450056475833,0.1386047799941054,0.059354207004106395,0.07112938415256638,0.07451131290900447,0.14749432444145305,0.09770299045214881,0.11496145429290806,0.102847239965958,0.06326959643860046,0.4318427506838173,0.05193928302029137,0.14996055900319333,0.07614765669426726,0.1131396519457974
Confucianists,0.05409518244079106,0.027485882370060017,0.16774866586619078,0.0806840384492897,0.03345172228432012,0.061531724291627204,0.1429000907224153,0.03477677183693053,0.06518940712333332,0.018057318092454495,0.03909572189771568,0.09645458655129494,0.0,0.06600184805405294,0.06647291860581027,0.04829186012749766,0.039958724553973944,0.11496026843427594,0.06319743614947534,0.037420443492344094,0.07051032514468532,0.09967806217319147,0.10192139148537445,0.06606949878594884,0.08594473203095293,0.060275652269511086,0.0953499165599051,0.060344590633528754,0.05639234597299357,0.0987082640738575,0.03621307769323551,0.044763228398156094,0.08024733151192115,0.04843916116425468,0.04590406030487624,0.04286952392331088,0.02769739137318626,0.06030777827344252,0.0541301461096949,0.050774215100709105,0.1491848003179704,0.08046747657305368,0.06423710905671577,0.04344223196091563,0.08360205050225737,0.03571666267731247,0.06885057289536657,0.05772462966884692,0.06225766488601755,0.056148679753751984,0.09793099872575806,0.0591344906445978,0.07148878079620104,0.04070666737903402,0.043101035044700205,0.03203040630701927,0.04812884449113484,0.34286793825247286,0.09384333894446818,0.05036958024360883,0.03722093663574732,0.15453404245631305
Cypriot Orthodox Church,0.029252026533985547,0.06685961904693835,0.1900700563735763,0.12256248382177926,0.06592452759963709,0.07065546305280652,0.17199954226084907,0.04393774457638159,0.027648834751659714,0.06826964969103942,0.08261973081851914,0.153740556102272,0.06600184805405294,0.0,0.03804754077755699,0.0408120289914749,0.08609955430362701,0.04015481908625692,0.0274480427474054,0.07755897969271539,0.015235807292177096,0.03657557670110248,0.1557233668160998,0.11861234298055495,0.027218778773077216,0.10760160466944615,0.14812159280673592,0.08716481502040568,0.08259209402763247,0.14845223676276184,0.07064460293829627,0.08323276445964581,0.03782951189817397,0.08708486052367427,0.06668936220140721,0.042485999455273,0.03413795517340849,0.014750103220503685,0.018545472214235033,0.04143364644553749,0.19103206094543204,0.12471220106679438,0.11081080208431035,0.09178233094355738,0.027920327305333757,0.07894670000287515,0.09534067567211275,0.015315558307321793,0.01479875471529369,0.08375623409324469,0.1493277373402597,0.06970739581190427,0.018183524052920813,0.044774975025966626,0.05597183585038448,0.04482763078507137,0.09490257560824546,0.2606080566083565,0.1511205603077542,0.09223229512872466,0.07355179959268165,0.18827529380162325
Druze,0.0483563202882617,0.06639721593339555,0.15758467676943957,0.10306248840869377,0.07118097808740982,0.07017381347246886,0.15760423868702642,0.04244107419982774,0.025607934198650772,0.06642582028356389,0.08458841100326897,0.1385333309292856,0.06647291860581027,0.03804754077755699,0.0,0.057821923436255585,0.08631868341597408,0.07225510631122488,0.03302661274287077,0.07479528184868645,0.0304793301504173,0.054733678859158245,0.15015580489359012,0.1059544018715216,0.04110568213624128,0.10333563271579853,0.15029057767225248,0.07764531216697362,0.07083087578011532,0.14186423171125911,0.07407614160543913,0.07081183913655019,0.012451247277269173,0.09076094251789535,0.0699729392692191,0.05714073076827301,0.052767562246324895,0.027846977354570604,0.030480109337947522,0.04431532841678701,0.17051577933899853,0.11338271926002498,0.10443870805423013,0.08854646579774297,0.053834058531174206,0.09522681067093754,0.08762798509671299,0.02998671621269713,0.03105648551446674,0.07619393868180457,0.1386901272644432,0.0756143955932097,0.036634967815230596,0.06056494737885454,0.050522322485619726,0.04917168012048692,0.09400573287211124,0.3019354590218468,0.15010914107897322,0.09489092251507172,0.07859903477246782,0.17220732554237964
Dutch Reformed Church,0.03702995831036658,0.044281812930829195,0.21267253319782733,0.10368575485287891,0.07037912910954287,0.07890116098628157,0.19542556632817376,0.04076714789086954,0.050747636946234236,0.04872962991025847,0.047046283131661086,0.11783783286208678,0.04829186012749766,0.0408120289914749,0.057821923436255585,0.0,0.08520814764809276,0.08970312154147642,0.0405766605292967,0.06220969373121237,0.03809566259822767,0.07139237220962692,0.12411419215302545,0.08708073902209701,0.05384675587935593,0.10093796990314058,0.1291234262950885,0.09726684009035749,0.09178558580303281,0.1531995596551451,0.060007930139011324,0.07050487221979058,0.06599670630169276,0.0606494460360493,0.06100784285910769,0.007543569251231575,0.0341509938251254,0.044087088639385895,0.03843597623006462,0.04468026184411613,0.20286515600090685,0.1289662961755839,0.08358038677071926,0.07618028012450513,0.03153915232089144,0.061896993501305966,0.09351858291946756,0.03855944129857786,0.03690269276229988,0.08012963022452586,0.1396695263977764,0.07970441885638939,0.03879364929929629,0.0376102186921559,0.06673871520340209,0.029049696438247508,0.07697581803480587,0.2911510884328769,0.1400636926632196,0.06968108714285957,0.0444250854322534,0.20113009469434184
Eastern Orthodox,0.08292971694409357,0.07260088283717382,0.11945227676764349,0.042249308522807054,0.02335632443123787,0.031020071830209075,0.09692462551712824,0.03416483244322544,0.0825872528123398,0.027631412201800987,0.0862956879058966,0.055265539750461425,0.039958724553973944,0.08609955430362701,0.08631868341597408,0.08520814764809276,0.0,0.13687877306371363,0.08616880268128513,0.02248072844234224,0.0933745537093556,0.12235190028904486,0.07979603346593205,0.03569021572182984,0.11121508224323078,0.024716093081730308,0.0761466622626882,0.037411064783864016,0.02757212142426852,0.04064649127649545,0.021035868334272623,0.030780113901920966,0.10386121763186346,0.041410340974493955,0.030341801380935143,0.07952001916219803,0.062094709322329425,0.07679015619508185,0.07498511044743499,0.04515609644997741,0.09372906064177328,0.04085317013712339,0.040809995352216306,0.016032348288375017,0.11224705124395527,0.08463644579754369,0.023077716301892596,0.07912822044008347,0.08848852808369069,0.028069242139959687,0.06643148494507421,0.03081293778343194,0.10300306533052088,0.04917055573626433,0.04355375771450925,0.05326410889530047,0.03191032419653999,0.484141007891357,0.05433570348143652,0.09384275670541606,0.046295011188606676,0.09934292090580753
Ethiopian Orthodox Tewahedo Church,0.039695877262901816,0.10627292638918114,0.19857686276143133,0.17222358124007153,0.10760523543582313,0.08797060577632543,0.1692673266242935,0.08564508497230229,0.05387797623785646,0.1152999269151681,0.13935115591807473,0.21565397811102513,0.11496026843427594,0.04015481908625692,0.07225510631122488,0.08970312154147642,0.13687877306371363,0.0,0.059261419486380654,0.11461738099117531,0.044719975120942175,0.022941381174641107,0.22003094423415218,0.15509552604467938,0.02935790522189741,0.1451135882347809,0.20653491043669112,0.10052302511225973,0.10569447715250338,0.18399043365628945,0.10457574237015753,0.13973164228340626,0.0627686665033701,0.14438633151281594,0.09416855808253528,0.0849263976859408,0.06475960072061417,0.050549105391301925,0.06582252532382983,0.06506749559523928,0.20867122990556133,0.1389342786042436,0.17237011939178776,0.13016600118307012,0.06839121032104624,0.12617071415635703,0.1358470890913418,0.05343052018639707,0.05439232028444741,0.11306151987103442,0.20071969516480004,0.1053402486928718,0.046368730297232735,0.07756404323611692,0.07326938033854576,0.092099028985546,0.13427588047247388,0.25718885959350324,0.2093094863639268,0.1339521913220598,0.12800363910106197,0.20080064436748987
Ethnic religions excluding some in separate,0.04260002834359197,0.07126961476551522,0.17629267897540302,0.10804572997095878,0.06594768633108991,0.06002272541431009,0.1590304598147043,0.0301347345601038,0.025865557338005378,0.06149407403163946,0.07247178819529912,0.12994440398987783,0.06319743614947534,0.0274480427474054,0.03302661274287077,0.0405766605292967,0.08616880268128513,0.059261419486380654,0.0,0.07025562925056741,0.014883433032208635,0.03794511568434241,0.1540162271499426,0.09720555057517222,0.02345054427917906,0.1023189894589492,0.15281704711322633,0.07241220220426685,0.0757067492332249,0.14344013826016835,0.06940720562347827,0.07363390112267465,0.03695706160310822,0.08678145682094973,0.06543865917681074,0.04409238622113732,0.05012812127766941,0.02230411087371082,0.025507178239073995,0.03804874518295854,0.17493283988088912,0.11315437216422658,0.106380960308836,0.08434262331268165,0.028823214983614842,0.09680897688578122,0.08385790300343203,0.020007590911553724,0.019258686519598264,0.07602587767810268,0.15732671712407206,0.07407833772966638,0.025018083620053713,0.05285281311207749,0.059496778286578546,0.029043451461995294,0.09671152429554135,0.3380619544625025,0.1511398560555931,0.10316485406597493,0.0682859389275294,0.1735782718228896
Evangelical,0.056840286758629475,0.05145194690233262,0.12720018583587536,0.046650193351217235,0.03847958769702173,0.02467667812113748,0.1155155389650235,0.024308866151287037,0.07247793764850839,0.02274977540360694,0.07411592142476639,0.05277052131488409,0.037420443492344094,0.07755897969271539,0.07479528184868645,0.06220969373121237,0.02248072844234224,0.11461738099117531,0.07025562925056741,0.0,0.08046812790181493,0.0956009053319849,0.06441263380150147,0.03054305157819372,0.08760866637012375,0.03502220342739041,0.06935820163349152,0.035195947657212075,0.02697101894442501,0.05768176582002557,0.012163513847092801,0.03400217054467606,0.09011905836004129,0.03014120610173029,0.012311654835316377,0.0558664048211051,0.0501489342652422,0.06809482611165486,0.06941585962215467,0.0303437305585168,0.11252576333518662,0.047869336982767983,0.036939029244456294,0.00974453536791202,0.09311769711095845,0.0752309514038258,0.023440149042443403,0.07118574089526213,0.0734341386444446,0.01256320539775939,0.05957530822844492,0.02545254229432584,0.0860781821690165,0.02515753689510701,0.03494590857985849,0.038686558090064785,0.01715354993867747,0.4038305053723712,0.05756128986543299,0.07781909789327152,0.027736999730205165,0.12255336904712709
Evangelical Church of the Augsburg Confession in,0.03433412145880582,0.06930405293581193,0.18074862837507336,0.11914826539808028,0.0710623315580545,0.06730064636317223,0.16917222306538607,0.037299419151547365,0.018060846463587965,0.07274740939407225,0.08072042187004004,0.14767234344576802,0.07051032514468532,0.015235807292177096,0.0304793301504173,0.03809566259822767,0.0933745537093556,0.044719975120942175,0.014883433032208635,0.08046812790181493,0.0,0.03183292743217353,0.15927717290390594,0.11419169908551069,0.016693208644910366,0.11299943248774749,0.1515035874086663,0.0849326557476528,0.08363813930930873,0.1527366075894641,0.07613352343803094,0.08392081301597579,0.03297953793248557,0.09111820584512646,0.06970112420339813,0.04050746538947674,0.0426192088301274,0.018090208151640478,0.015779915535117296,0.03973373529768921,0.18677084572121083,0.12484881037925011,0.11436113050808089,0.09503272878092449,0.024301161570728366,0.09316341221931973,0.09424705609903221,0.009551360082029257,0.013755551389213184,0.08290117803050609,0.16082459284771083,0.07492502645257434,0.00896834823781201,0.05274929780637083,0.06097608516826156,0.03963671545519159,0.1005375827939375,0.2595661440770321,0.15642594342302776,0.09421921943169911,0.07401045686477163,0.18596368869613056
Evangelical Lutheran Church of Brazil,0.03219685373678874,0.09267361880350528,0.17791061151764467,0.15028338277575198,0.0992562375813156,0.07456419738458316,0.16178670518016527,0.06732336339727957,0.040809987594843236,0.09593423164976683,0.11418590405786064,0.18598815483114997,0.09967806217319147,0.03657557670110248,0.054733678859158245,0.07139237220962692,0.12235190028904486,0.022941381174641107,0.03794511568434241,0.0956009053319849,0.03183292743217353,0.0,0.19524344583913567,0.13212675266845714,0.01796111709146894,0.13223589394990345,0.19309804282217843,0.08592094105167662,0.09332297923284323,0.17240909367027446,0.09094662533953517,0.11628677463513111,0.04982446954323568,0.1252716651051372,0.08065775513411433,0.06636906107694458,0.061790233599540036,0.04232259488325834,0.05001657539792616,0.053280287241351795,0.19135220930103666,0.12730486464552218,0.15014833199746358,0.11393297367786691,0.05455156633966448,0.11666759376807914,0.115459143341626,0.03944719159988299,0.04041349701083603,0.09453656269589014,0.18562933520595093,0.09701048547410547,0.03256396817854693,0.06269557816114417,0.06823471657310644,0.06839836963713458,0.12292321611066946,0.25435684405573805,0.19439298543668482,0.11956733383627631,0.10444531033914116,0.1897969233011829
Evangelicalism,0.15100220523240027,0.11227317858777035,0.18874222301816934,0.09178754631105836,0.11555966048310641,0.10672968427206768,0.1931226053345831,0.0910913264308854,0.15025940673565175,0.09663834874280594,0.11908728017630756,0.04916798088828266,0.10192139148537445,0.1557233668160998,0.15015580489359012,0.12411419215302545,0.07979603346593205,0.22003094423415218,0.1540162271499426,0.06441263380150147,0.15927717290390594,0.19524344583913567,0.0,0.09205526795992058,0.18013347322198284,0.10061622711865208,0.03373954654060772,0.13620967058650416,0.10890329752861685,0.09646447140567659,0.08373559460118679,0.08209896562294448,0.17303768299545974,0.05053862954840196,0.08568168336519974,0.1265609411966144,0.12161356676428384,0.1543867254580658,0.1324578916541513,0.11458132188463536,0.17607813918653067,0.13003913041383933,0.05278520181746204,0.06788959665815615,0.15347322365933702,0.12833986902641306,0.07259249704682129,0.14275932174605938,0.14612837910417673,0.0766549410203283,0.04347092524366727,0.08060121053890495,0.15085054823356023,0.09260645907471256,0.12631724446764714,0.10903440735987001,0.06370008588513097,0.40945853241229035,0.04333598355056156,0.12768012063399273,0.05948710920713432,0.1803903688677273
Free Church,0.09544418892533514,0.08754488336990497,0.12452848435223969,0.041856382550140285,0.049824976619512344,0.038765225169975125,0.09060166064730911,0.05462613381877728,0.10394515668821842,0.039337547017327425,0.10144709760111364,0.04149387941148416,0.06606949878594884,0.11861234298055495,0.1059544018715216,0.08708073902209701,0.03569021572182984,0.15509552604467938,0.09720555057517222,0.03054305157819372,0.11419169908551069,0.13212675266845714,0.09205526795992058,0.0,0.11984993773651759,0.04620368498837151,0.11128210552341435,0.042599603600489776,0.04382146010608051,0.05054153239158151,0.031395285049203664,0.045764106390397706,0.121451565561267,0.05547012287026865,0.03935448266739406,0.0803599312960964,0.09393855004296782,0.10401933874306583,0.11031407552657095,0.05586914595385736,0.07968926527196472,0.03615044706885319,0.051954036429967994,0.02155992190929258,0.12052459106732226,0.11056870494288261,0.037077641935527164,0.11041906805931305,0.11462813232779151,0.03909330252431068,0.09172787561087097,0.06305249932091421,0.12305295243104863,0.06561116788891025,0.06723977696607042,0.07161243142733184,0.04333443658110395,0.4737932314458888,0.08506426058520782,0.11728815621551184,0.06308769826478396,0.08483514772501971
Greek Byzantine Catholic Church,0.033261017555389336,0.0765277345527596,0.1779288051855023,0.13459720505451053,0.0885616289156058,0.06699269682394605,0.16224537237010703,0.052243069425613575,0.026706024896645728,0.08485434256030325,0.09730086333148526,0.16932399673037832,0.08594473203095293,0.027218778773077216,0.04110568213624128,0.05384675587935593,0.11121508224323078,0.02935790522189741,0.02345054427917906,0.08760866637012375,0.016693208644910366,0.01796111709146894,0.18013347322198284,0.11984993773651759,0.0,0.123732259900922,0.17706870010722572,0.08061604438273486,0.08657333681748904,0.16249940555960474,0.08542553086509035,0.10244849815534238,0.03685654190405912,0.1105397206392391,0.07267358029780004,0.0522592104143258,0.05134362686819883,0.026828914636928106,0.03702185145548486,0.04420120805520225,0.18869119014430497,0.1219282713804257,0.13501964193358165,0.10351563266168086,0.036210908418451,0.1036244997002347,0.10727391258546215,0.02655253744640574,0.029050412837645267,0.08929395651803038,0.17655221525055442,0.08700757673390552,0.022239171533887037,0.06084509204705613,0.06168039848074977,0.052964502695339234,0.10881889512483005,0.2588971270264575,0.18036821237541745,0.11181023459748171,0.0907049570514545,0.1864122819759484
Hinduism,0.09511352704651849,0.08573674517483267,0.12535468003556996,0.037070719861074374,0.047358983904290095,0.040394764910217505,0.10924403768572935,0.0497028336142571,0.10000185710315451,0.04456986423741614,0.10474211080143005,0.07491166711716485,0.060275652269511086,0.10760160466944615,0.10333563271579853,0.10093796990314058,0.024716093081730308,0.1451135882347809,0.1023189894589492,0.03502220342739041,0.11299943248774749,0.13223589394990345,0.10061622711865208,0.04620368498837151,0.123732259900922,0.0,0.09674081206991983,0.04675282884292097,0.036501626121326035,0.050276805423720435,0.03404605771113533,0.04524167302555673,0.12275453405445552,0.058643777173737414,0.03866357070990924,0.09488020913823049,0.07890397137302387,0.09857395553587994,0.09785428300114768,0.05498976621409145,0.10717192761925548,0.052003187595045575,0.0463351815045533,0.028406619785368886,0.13052082509716834,0.1030416157005394,0.02547090590812065,0.09950494869833047,0.10425602325655463,0.03920188166171587,0.08213382824867,0.040547347587077426,0.12261425178692341,0.06409095337563589,0.05263348917631303,0.06912481802763683,0.041494603394092305,0.4886487608344662,0.0717063315712853,0.10846945274322196,0.06439502287595292,0.11183093429622985
Hoahaoism,0.15141204690538926,0.11118276743705792,0.20216958662187043,0.10673172040348387,0.1080031185037975,0.10756177598044846,0.20490547847536417,0.08368199562891417,0.14346513758829132,0.09907429410091426,0.12428018612861055,0.08144691778190134,0.0953499165599051,0.14812159280673592,0.15029057767225248,0.1291234262950885,0.0761466622626882,0.20653491043669112,0.15281704711322633,0.06935820163349152,0.1515035874086663,0.19309804282217843,0.03373954654060772,0.11128210552341435,0.17706870010722572,0.09674081206991983,0.0,0.133650361709372,0.10518615662063621,0.1040422788347486,0.08277858988155991,0.09440224633241201,0.17388208064548089,0.06144265316357465,0.08705317606597505,0.12941500795508715,0.10766662820837719,0.14744819905799544,0.12377820992583978,0.11365171789612173,0.20238572614379485,0.13684264018582343,0.0682872868005748,0.0753927459144534,0.1579603252984883,0.12046508318321711,0.08067577267791869,0.13266915610951255,0.14036987687003616,0.07972647297562434,0.06257216195092472,0.0655984837909733,0.14877100890016284,0.08895163803742367,0.11295505766381335,0.1050593862951575,0.0651693725309638,0.40153143319968526,0.03812265534124776,0.12340436584019006,0.06161331072354664,0.20441670212248012
Iglesia ni Cristo (Church of Christ),0.06601796850027264,0.08283198646810147,0.09234738123478098,0.06133040500811432,0.037916628006751316,0.019193749351871427,0.06579379039748633,0.04321003684866606,0.06858409457508617,0.03877387998742229,0.11261215638219457,0.09343887708165349,0.060344590633528754,0.08716481502040568,0.07764531216697362,0.09726684009035749,0.037411064783864016,0.10052302511225973,0.07241220220426685,0.035195947657212075,0.0849326557476528,0.08592094105167662,0.13620967058650416,0.042599603600489776,0.08061604438273486,0.04675282884292097,0.133650361709372,0.0,0.020057120034966448,0.05341901710472915,0.02937565686360611,0.057571905331422285,0.08692292849323574,0.07861243893797418,0.029533517978157738,0.08558666951450157,0.07303968302007474,0.07200253326639137,0.08605557939174506,0.03705045706163251,0.07330167719158871,0.0249271729445882,0.08260751267230236,0.03139377453905653,0.11701667240932032,0.10857095524460213,0.04126070145170346,0.08266661830169467,0.09056895371470684,0.030467155555919192,0.10644862701582065,0.04923068789972476,0.09046067896957155,0.05971974193379383,0.03414212083208147,0.06427623901877325,0.04859653933210558,0.3876625911968305,0.10314969420401317,0.1098200197562932,0.07963175490033815,0.08074341926371778
Islam,0.07042600637938645,0.08078625645353715,0.07061764154344247,0.050818662961905126,0.03894017163103409,0.020566221682447768,0.0839213459690806,0.036179581961877864,0.0677712470582483,0.039686805667137816,0.10307558184878493,0.07918670397078893,0.05639234597299357,0.08259209402763247,0.07083087578011532,0.09178558580303281,0.02757212142426852,0.10569447715250338,0.0757067492332249,0.02697101894442501,0.08363813930930873,0.09332297923284323,0.10890329752861685,0.04382146010608051,0.08657333681748904,0.036501626121326035,0.10518615662063621,0.020057120034966448,0.0,0.04763748874945047,0.027364963138316503,0.04562358247296014,0.08442848318458036,0.060153763077011535,0.023823785440288434,0.0816316833523883,0.06700899435360348,0.06749078355559626,0.08026951727347431,0.024103437568096766,0.08835627071199344,0.03385014530812444,0.06262222795665523,0.025652924453058994,0.11343583326636046,0.10066347179226852,0.030867556696550034,0.0778023484673663,0.08553849555288019,0.023222506185265918,0.07783800289086865,0.03233998073994005,0.09242465974270109,0.052488565486196535,0.021122028585756045,0.05684605844905559,0.037272945035584745,0.41256042177062535,0.07479707026878472,0.10563106517546889,0.06473174579313025,0.09392308496339376
Jainism,0.14205480461824674,0.1379329795971238,0.08958377644719688,0.06129624814160702,0.06101494383775546,0.05660059587818132,0.06229088456356205,0.08298701085869709,0.13485255520117553,0.07737322664081038,0.16272359774276843,0.05546643917260869,0.0987082640738575,0.14845223676276184,0.14186423171125911,0.1531995596551451,0.04064649127649545,0.18399043365628945,0.14344013826016835,0.05768176582002557,0.1527366075894641,0.17240909367027446,0.09646447140567659,0.05054153239158151,0.16249940555960474,0.050276805423720435,0.1040422788347486,0.05341901710472915,0.04763748874945047,0.0,0.054190352824823936,0.07069581098765482,0.16261462061147205,0.08428983350276098,0.0653278611824052,0.1466611935132135,0.12793299590806045,0.1360209279270169,0.13553590052348558,0.08461277000768185,0.04768483700806856,0.03233492302702315,0.07441674307506176,0.03722725593803036,0.17505913373858817,0.15675369388082874,0.04531254302788567,0.1388129249022159,0.1492872826881943,0.05116130415952358,0.07475561954824339,0.05624986398163672,0.15145437871060027,0.10496639804760217,0.0875193730373861,0.11928871962760672,0.06410338483070768,0.4334901690368669,0.05816231196447716,0.15886149002355548,0.10624818544810864,0.05139871735914223
Jehovah's Witnesses,0.05240573131421714,0.05305028863339151,0.1308707639330936,0.049216804423232625,0.02689749737684488,0.02214883817292445,0.1037755810644718,0.027449300148977326,0.06937547166744905,0.019922858540727322,0.0795461299908612,0.06114142965259107,0.03621307769323551,0.07064460293829627,0.07407614160543913,0.060007930139011324,0.021035868334272623,0.10457574237015753,0.06940720562347827,0.012163513847092801,0.07613352343803094,0.09094662533953517,0.08373559460118679,0.031395285049203664,0.08542553086509035,0.03404605771113533,0.08277858988155991,0.02937565686360611,0.027364963138316503,0.054190352824823936,0.0,0.0323010408176967,0.09025292580051467,0.03695531511939521,0.014774770423859229,0.05338159524052798,0.04554140728377152,0.06512695130499425,0.06499078617913848,0.029672570887661922,0.10454169557048745,0.04127876648684841,0.044020881493786315,0.012903543771834124,0.08983753035346728,0.07378647537932313,0.028032998076206427,0.06889568398011382,0.0721259465646119,0.015942055710754625,0.06839580263626648,0.0286512551635081,0.08055637542250148,0.026409438520347155,0.03519847874958686,0.042698627991103875,0.020488472012125822,0.4029121603312469,0.06941813319721127,0.07581212943338214,0.03776958304824198,0.10883432079669433
Judaism,0.08379270634887792,0.07012820389282165,0.13181927137403068,0.04131633276667009,0.04046474542083156,0.04313476618149358,0.12169163817858653,0.03493252711365055,0.07246904185163067,0.03497275292212852,0.0843945559735724,0.053864428126195296,0.044763228398156094,0.08323276445964581,0.07081183913655019,0.07050487221979058,0.030780113901920966,0.13973164228340626,0.07363390112267465,0.03400217054467606,0.08392081301597579,0.11628677463513111,0.08209896562294448,0.045764106390397706,0.10244849815534238,0.04524167302555673,0.09440224633241201,0.057571905331422285,0.04562358247296014,0.07069581098765482,0.0323010408176967,0.0,0.09518674164839311,0.03804338140739655,0.04318858337178074,0.07162699975707999,0.06679451021652082,0.07231877288959113,0.06404596819099863,0.046813886133209956,0.11938875086117397,0.06743003813265686,0.03410612846009339,0.031327535056488574,0.08870788408082536,0.0941283597121625,0.033005102800752244,0.07116595751074557,0.07606062512962265,0.038095563583885,0.07479001770035157,0.05070014377754665,0.09350675488507386,0.05510187786274044,0.05725572105459052,0.05334110117534997,0.047568585694320493,0.46911329122779755,0.07535899793358185,0.09451799926905026,0.05524502973717497,0.12215960672711236
Maronite Church,0.04977348771817124,0.07397105192728619,0.1728296939939334,0.12702651979001625,0.08584918435603149,0.08061742279512926,0.17144368178588307,0.05530630657268051,0.030758038502681037,0.0784679387329737,0.09477457959821847,0.16284680354470893,0.08024733151192115,0.03782951189817397,0.012451247277269173,0.06599670630169276,0.10386121763186346,0.0627686665033701,0.03695706160310822,0.09011905836004129,0.03297953793248557,0.04982446954323568,0.17303768299545974,0.121451565561267,0.03685654190405912,0.12275453405445552,0.17388208064548089,0.08692292849323574,0.08442848318458036,0.16261462061147205,0.09025292580051467,0.09518674164839311,0.0,0.11225215660545818,0.08313827110219914,0.064192809613816,0.05879268759897279,0.02800742301661003,0.040084229011962284,0.05400288138847507,0.185469750526969,0.12782113035080267,0.13011144448481937,0.10628807568942315,0.056891447475212006,0.10049542930282754,0.1055734460231176,0.03449803721859465,0.03777195044314245,0.09379355281459209,0.16407551432563075,0.09074614819293723,0.03321332343262248,0.06993467484760421,0.05811552665564338,0.05848782843511707,0.10999867327405316,0.26389767268219805,0.17463694359081203,0.10809140577406441,0.09396237161084489,0.18808118777057087
Methodist,0.08250392497151245,0.060573038952905736,0.16429198748814167,0.04930233411508803,0.05884227240800753,0.054466614210909856,0.156384204813444,0.039846589726273245,0.08838419686914187,0.0394583218347107,0.06442438655328551,0.05613352225678983,0.04843916116425468,0.08708486052367427,0.09076094251789535,0.0606494460360493,0.041410340974493955,0.14438633151281594,0.08678145682094973,0.03014120610173029,0.09111820584512646,0.1252716651051372,0.05053862954840196,0.05547012287026865,0.1105397206392391,0.058643777173737414,0.06144265316357465,0.07861243893797418,0.060153763077011535,0.08428983350276098,0.03695531511939521,0.03804338140739655,0.11225215660545818,0.0,0.034172880640126635,0.060960541585522394,0.059695306255640006,0.08485451258669618,0.07073344290178299,0.05287888926848118,0.15643734879832613,0.08829713032553911,0.015352828023348452,0.035051511157343236,0.09027653555781076,0.07481575074202815,0.048842656902240274,0.07921973196698134,0.08357783174471509,0.044667525743852216,0.058576147002413446,0.04427453260970339,0.0954879965471264,0.04103817226873439,0.06462115100078702,0.049331703017589,0.032763844713283356,0.39286209681098644,0.06024311621995642,0.07719153672108028,0.02760151301014153,0.15693202120290317
Mormons,0.04619049647585296,0.05508226918910189,0.12112755889362983,0.05013320105813848,0.04294044483886564,0.01517934886705038,0.11526863537234269,0.02579551938625654,0.06256666291183131,0.028727203839973445,0.07912143725684129,0.07428425044017865,0.04590406030487624,0.06668936220140721,0.0699729392692191,0.06100784285910769,0.030341801380935143,0.09416855808253528,0.06543865917681074,0.012311654835316377,0.06970112420339813,0.08065775513411433,0.08568168336519974,0.03935448266739406,0.07267358029780004,0.03866357070990924,0.08705317606597505,0.029533517978157738,0.023823785440288434,0.0653278611824052,0.014774770423859229,0.04318858337178074,0.08313827110219914,0.034172880640126635,0.0,0.05243247852725633,0.045194715935508965,0.061238583761459825,0.0651130393866511,0.022663036834956744,0.11985160072163964,0.04929619674691882,0.044543089017490295,0.019757578048795993,0.0871786052463774,0.07574306371892048,0.029481870595541162,0.06558323678086449,0.07020158340589149,0.013674526356517018,0.06811893369446523,0.023732150455478024,0.07553584717486889,0.025863414787915512,0.027173526198256776,0.03886325000984927,0.017360949654843656,0.37917799956100556,0.07036293353098115,0.0818159559497711,0.03610179235154491,0.12634106486518412
Netherlands Reformed Churches,0.029658522343476944,0.03552967386839436,0.19872434256488805,0.10053179136684846,0.0667434462832705,0.07178212644743961,0.181729264095129,0.04202683619427358,0.04781956239318392,0.041095934857015515,0.04066376177424667,0.12311756294426267,0.04286952392331088,0.042485999455273,0.05714073076827301,0.007543569251231575,0.07952001916219803,0.0849263976859408,0.04409238622113732,0.0558664048211051,0.04050746538947674,0.06636906107694458,0.1265609411966144,0.0803599312960964,0.0522592104143258,0.09488020913823049,0.12941500795508715,0.08558666951450157,0.0816316833523883,0.1466611935132135,0.05338159524052798,0.07162699975707999,0.064192809613816,0.060960541585522394,0.05243247852725633,0.0,0.028616455520753446,0.04438976984094225,0.04305131156526937,0.0419080239421616,0.19061862084021236,0.11493842638760533,0.0847076588558103,0.07015153771588567,0.04377190151646407,0.05029887286944174,0.09029464529316723,0.04194997780066202,0.04353098809542894,0.07360499520861859,0.1355361532295521,0.07744749152048398,0.04062616925851195,0.03281793429931326,0.057262065172114046,0.02624489270991434,0.06838151299898261,0.2956574650024227,0.14064322595524215,0.05998125390018906,0.040377739055544815,0.19083091077337305
Orthodox,0.023774685591436303,0.02247364687250199,0.18981569433503342,0.10395163697300319,0.0480843756128337,0.06466190321210258,0.1671440259221374,0.037142952072173156,0.04237787934067506,0.03471555875223288,0.046688211402959826,0.13449546125711864,0.02769739137318626,0.03413795517340849,0.052767562246324895,0.0341509938251254,0.062094709322329425,0.06475960072061417,0.05012812127766941,0.0501489342652422,0.0426192088301274,0.061790233599540036,0.12161356676428384,0.09393855004296782,0.05134362686819883,0.07890397137302387,0.10766662820837719,0.07303968302007474,0.06700899435360348,0.12793299590806045,0.04554140728377152,0.06679451021652082,0.05879268759897279,0.059695306255640006,0.045194715935508965,0.028616455520753446,0.0,0.03749094620304539,0.03275612169593937,0.041119075756627925,0.18169603011370253,0.10460342403046556,0.08457334862839856,0.0645982238039814,0.05851787809575688,0.0332135672511452,0.08573931456029353,0.032904536227949636,0.03718430861620036,0.06567473669217704,0.1170778064281037,0.05890709094944446,0.044904115975889086,0.025566043615582727,0.035118115637431994,0.029596143268020212,0.05730777632309433,0.32928955603246585,0.11961879692351253,0.042133701941701025,0.04277148309151718,0.18325113479607896
Orthodox Church of Greece,0.0357585161798546,0.06575709443434775,0.16967853086655132,0.10876208666380205,0.05913872195769903,0.06107257341442819,0.15892768310703292,0.033513163819241666,0.02403033414392788,0.05789585574124439,0.08258200914008478,0.14288796696334435,0.06030777827344252,0.014750103220503685,0.027846977354570604,0.044087088639385895,0.07679015619508185,0.050549105391301925,0.02230411087371082,0.06809482611165486,0.018090208151640478,0.04232259488325834,0.1543867254580658,0.10401933874306583,0.026828914636928106,0.09857395553587994,0.14744819905799544,0.07200253326639137,0.06749078355559626,0.1360209279270169,0.06512695130499425,0.07231877288959113,0.02800742301661003,0.08485451258669618,0.061238583761459825,0.04438976984094225,0.03749094620304539,0.0,0.022657844703636503,0.033813531381647305,0.17443456881838645,0.10952706870578997,0.10447705920652431,0.08162873439592777,0.034616320329892536,0.08247480985269844,0.08507820630822646,0.017521355048654916,0.020030762990815174,0.07428619704826958,0.1454086637405684,0.06425012213826663,0.031619072472394934,0.04514112064827258,0.04481747621431952,0.039920233239010325,0.08961005618830728,0.3702541166459156,0.14861522778615155,0.09603294482130863,0.07438636938672198,0.1742230295558984
Orthodox Church of Ukraine,0.039944256583423994,0.05501731679688077,0.18284998856495577,0.10680527853618352,0.05813413963355725,0.06852748607906549,0.17204032255316168,0.031719731972522355,0.018651603880761532,0.05860482323273724,0.06985885807711151,0.12982742744235254,0.0541301461096949,0.018545472214235033,0.030480109337947522,0.03843597623006462,0.07498511044743499,0.06582252532382983,0.025507178239073995,0.06941585962215467,0.015779915535117296,0.05001657539792616,0.1324578916541513,0.11031407552657095,0.03702185145548486,0.09785428300114768,0.12377820992583978,0.08605557939174506,0.08026951727347431,0.13553590052348558,0.06499078617913848,0.06404596819099863,0.040084229011962284,0.07073344290178299,0.0651130393866511,0.04305131156526937,0.03275612169593937,0.022657844703636503,0.0,0.04472595622953807,0.18348486161874908,0.12245979560540719,0.09061149778761718,0.08188169231753617,0.029526485773447072,0.0792178569629583,0.08444800463934676,0.006443651139096018,0.012747994723993093,0.07404191242539562,0.1325114395399298,0.06353920768742102,0.015580577984865127,0.04708744200980543,0.057148569199562765,0.03606143896041666,0.08559397640211484,0.26027329001429067,0.1314934661127266,0.07999781097117145,0.06146265983470788,0.18324876206099067
Other Christian,0.03558849789609209,0.06180000976210655,0.11188204087904634,0.0638746069743049,0.04397196931553931,0.025157903168262784,0.11720000120124954,0.02111821027539523,0.039970038498679535,0.03936682134950629,0.0823103304306297,0.09199337472392399,0.050774215100709105,0.04143364644553749,0.04431532841678701,0.04468026184411613,0.04515609644997741,0.06506749559523928,0.03804874518295854,0.0303437305585168,0.03973373529768921,0.053280287241351795,0.11458132188463536,0.05586914595385736,0.04420120805520225,0.05498976621409145,0.11365171789612173,0.03705045706163251,0.024103437568096766,0.08461277000768185,0.029672570887661922,0.046813886133209956,0.05400288138847507,0.05287888926848118,0.022663036834956744,0.0419080239421616,0.041119075756627925,0.033813531381647305,0.04472595622953807,0.0,0.12852193429759498,0.0622973055962476,0.06546826846407462,0.03829083493429787,0.054554760213617146,0.08518860319035361,0.04298822794000564,0.0409546707630606,0.042372397942949676,0.03209738291080604,0.0971380315576848,0.03434805775301925,0.050886109835350885,0.02895652886659515,0.020791807888714715,0.032754845328215834,0.045058303319838254,0.38240152991164034,0.09913464357592493,0.08772942019061307,0.05114019411025353,0.12832891757741377
Other syncretists,0.1708866946348293,0.1832912890431482,0.08852310107116315,0.10575736801819581,0.09233535213818654,0.09722831197271653,0.038345511573383326,0.14071157146856408,0.16647382625082366,0.11840223887880941,0.2132435157511772,0.10798853569929034,0.1491848003179704,0.19103206094543204,0.17051577933899853,0.20286515600090685,0.09372906064177328,0.20867122990556133,0.17493283988088912,0.11252576333518662,0.18677084572121083,0.19135220930103666,0.17607813918653067,0.07968926527196472,0.18869119014430497,0.10717192761925548,0.20238572614379485,0.07330167719158871,0.08835627071199344,0.04768483700806856,0.10454169557048745,0.11938875086117397,0.185469750526969,0.15643734879832613,0.11985160072163964,0.19061862084021236,0.18169603011370253,0.17443456881838645,0.18348486161874908,0.12852193429759498,0.0,0.04565942885272386,0.14146432401926473,0.08729554437867292,0.22158996225664757,0.21091073126789825,0.0956855537802449,0.18203537842962958,0.19169428080756892,0.10300796022905546,0.14369342598470947,0.12887591176914334,0.1808909541643235,0.16003359564348665,0.13063448515312057,0.1737599030222292,0.13023923754426728,0.4073352563968499,0.14465946619214734,0.2031123026413686,0.17604214947251076,0.021464084960338584
Pentecostal and Charismatic,0.10088450741735012,0.10903984121345323,0.09211259562037183,0.06161124802710903,0.04812618758340253,0.040009916727997155,0.032245644946030425,0.07172634360478215,0.10581013385270564,0.05647069235196484,0.13707989608870716,0.08081879191981646,0.08046747657305368,0.12471220106679438,0.11338271926002498,0.1289662961755839,0.04085317013712339,0.1389342786042436,0.11315437216422658,0.047869336982767983,0.12484881037925011,0.12730486464552218,0.13003913041383933,0.03615044706885319,0.1219282713804257,0.052003187595045575,0.13684264018582343,0.0249271729445882,0.03385014530812444,0.03233492302702315,0.04127876648684841,0.06743003813265686,0.12782113035080267,0.08829713032553911,0.04929619674691882,0.11493842638760533,0.10460342403046556,0.10952706870578997,0.12245979560540719,0.0622973055962476,0.04565942885272386,0.0,0.08475655845169873,0.03134168480401115,0.15499391266519605,0.13277113393246895,0.04900254944347119,0.12138822120543183,0.13031695411401994,0.045782814462266334,0.09888149065290627,0.06821279361156929,0.12895116864124018,0.08528426392309225,0.06130922199636582,0.09601317841218415,0.0597905675489775,0.41144548965851063,0.10179764394404592,0.13523113820823923,0.09737444939452795,0.04606658231030342
Presbyterianism,0.10663543073417385,0.08308522841232599,0.15222742526747887,0.025539586209324772,0.064536486857546,0.05893194560432125,0.14902069720809474,0.05258874947094202,0.10781151237474164,0.05037785548609376,0.08767816561100537,0.04797907452658947,0.06423710905671577,0.11081080208431035,0.10443870805423013,0.08358038677071926,0.040809995352216306,0.17237011939178776,0.106380960308836,0.036939029244456294,0.11436113050808089,0.15014833199746358,0.05278520181746204,0.051954036429967994,0.13501964193358165,0.0463351815045533,0.0682872868005748,0.08260751267230236,0.06262222795665523,0.07441674307506176,0.044020881493786315,0.03410612846009339,0.13011144448481937,0.015352828023348452,0.044543089017490295,0.0847076588558103,0.08457334862839856,0.10447705920652431,0.09061149778761718,0.06546826846407462,0.14146432401926473,0.08475655845169873,0.0,0.035803700620551944,0.11322900027528142,0.10022505420277351,0.040283012840295264,0.10093678988102789,0.10359228217795699,0.047715197298462,0.05446250657546353,0.05166163756694072,0.11982227705088742,0.06281638385882167,0.07658212420661503,0.06969768136286716,0.04240060675713706,0.4323830919608711,0.059261704870160525,0.10166338937281896,0.04597056219515769,0.14463102192876442
Protestant,0.07450451134088051,0.06691682253076169,0.1147933184660473,0.037238423649616985,0.034004757642424784,0.025428742071922757,0.09015952956203499,0.033012428753872586,0.08450199844165213,0.02530255306961913,0.08712362622325782,0.04190267550547547,0.04344223196091563,0.09178233094355738,0.08854646579774297,0.07618028012450513,0.016032348288375017,0.13016600118307012,0.08434262331268165,0.00974453536791202,0.09503272878092449,0.11393297367786691,0.06788959665815615,0.02155992190929258,0.10351563266168086,0.028406619785368886,0.0753927459144534,0.03139377453905653,0.025652924453058994,0.03722725593803036,0.012903543771834124,0.031327535056488574,0.10628807568942315,0.035051511157343236,0.019757578048795993,0.07015153771588567,0.0645982238039814,0.08162873439592777,0.08188169231753617,0.03829083493429787,0.08729554437867292,0.03134168480401115,0.035803700620551944,0.0,0.1084874223054783,0.08614567535515295,0.02073343678788227,0.08539614171296629,0.09033723566889572,0.01647404446911736,0.05920494751319252,0.031161370330744346,0.09936745303488695,0.041267428702044875,0.04396512092733143,0.05337773822469169,0.020542934729885862,0.41192848348015426,0.054107539003800637,0.0882311226499241,0.04093795975084883,0.09256203293452146
Protestant Churches without free churches,0.05344022230072491,0.08123414140283505,0.22809197100571948,0.13034671657650757,0.09231388187383212,0.09005540522204758,0.20767481473265156,0.05186562818963881,0.04638043010003276,0.08616438408875034,0.08867157586352681,0.1418751512108693,0.08360205050225737,0.027920327305333757,0.053834058531174206,0.03153915232089144,0.11224705124395527,0.06839121032104624,0.028823214983614842,0.09311769711095845,0.024301161570728366,0.05455156633966448,0.15347322365933702,0.12052459106732226,0.036210908418451,0.13052082509716834,0.1579603252984883,0.11701667240932032,0.11343583326636046,0.17505913373858817,0.08983753035346728,0.08870788408082536,0.056891447475212006,0.09027653555781076,0.0871786052463774,0.04377190151646407,0.05851787809575688,0.034616320329892536,0.029526485773447072,0.054554760213617146,0.22158996225664757,0.15499391266519605,0.11322900027528142,0.1084874223054783,0.0,0.10522829767115613,0.11185392300659489,0.026663867364954588,0.024530521627489536,0.10310402644556804,0.17129934496866475,0.09354691330766177,0.02360088003592744,0.06102793741737704,0.09022827047731068,0.0523756882840536,0.11233152938881454,0.26227165830039645,0.16751332632820348,0.11771891952096657,0.08042334734747282,0.21527864555221002
Reformed Church in Romania,0.0644665871781935,0.03013531934557367,0.2219672123853694,0.1250280018182391,0.07725448329867178,0.10393419538286969,0.20590288217007618,0.07622643056576905,0.09110664473542644,0.045324916452372924,0.034511117407172484,0.1561754236110886,0.03571666267731247,0.07894670000287515,0.09522681067093754,0.061896993501305966,0.08463644579754369,0.12617071415635703,0.09680897688578122,0.0752309514038258,0.09316341221931973,0.11666759376807914,0.12833986902641306,0.11056870494288261,0.1036244997002347,0.1030416157005394,0.12046508318321711,0.10857095524460213,0.10066347179226852,0.15675369388082874,0.07378647537932313,0.0941283597121625,0.10049542930282754,0.07481575074202815,0.07574306371892048,0.05029887286944174,0.0332135672511452,0.08247480985269844,0.0792178569629583,0.08518860319035361,0.21091073126789825,0.13277113393246895,0.10022505420277351,0.08614567535515295,0.10522829767115613,0.0,0.12030216456966747,0.08009214106210306,0.08865684125974885,0.10030004323473457,0.13362864837697555,0.099546078006583,0.08611925043875855,0.05815677755061923,0.07043404627085127,0.05660792254603059,0.0716268521455172,0.3307568025801267,0.13546828993892923,0.04518394536027438,0.05615772668872176,0.21581116698896266
Roman Catholic; Latin Church;,0.08828377950212986,0.09417909201494819,0.10844061082446656,0.032313733823678685,0.05086351013435319,0.02483265641368557,0.10090040059937569,0.03723399797492678,0.08498430227137896,0.048126342900983235,0.11420201668527753,0.046271899846926826,0.06885057289536657,0.09534067567211275,0.08762798509671299,0.09351858291946756,0.023077716301892596,0.1358470890913418,0.08385790300343203,0.023440149042443403,0.09424705609903221,0.115459143341626,0.07259249704682129,0.037077641935527164,0.10727391258546215,0.02547090590812065,0.08067577267791869,0.04126070145170346,0.030867556696550034,0.04531254302788567,0.028032998076206427,0.033005102800752244,0.1055734460231176,0.048842656902240274,0.029481870595541162,0.09029464529316723,0.08573931456029353,0.08507820630822646,0.08444800463934676,0.04298822794000564,0.0956855537802449,0.04900254944347119,0.040283012840295264,0.02073343678788227,0.11185392300659489,0.12030216456966747,0.0,0.08697982936498062,0.09210741338624216,0.017847662637927246,0.06520734301796226,0.031828852270466106,0.10489994135681276,0.055548941375126816,0.05630638207665984,0.06437563427972147,0.03673535764493436,0.4724512615684958,0.05590163350137202,0.1179550849864298,0.05678880984301637,0.10144006601344681
Russian Orthodox Church,0.03612380398477927,0.05833117506608011,0.17915382612662498,0.11181020010031217,0.060898148035532514,0.0657532089780496,0.16979151456468727,0.031209678431628123,0.015316677241072283,0.0617780802146555,0.0724439435205499,0.1390450056475833,0.05772462966884692,0.015315558307321793,0.02998671621269713,0.03855944129857786,0.07912822044008347,0.05343052018639707,0.020007590911553724,0.07118574089526213,0.009551360082029257,0.03944719159988299,0.14275932174605938,0.11041906805931305,0.02655253744640574,0.09950494869833047,0.13266915610951255,0.08266661830169467,0.0778023484673663,0.1388129249022159,0.06889568398011382,0.07116595751074557,0.03449803721859465,0.07921973196698134,0.06558323678086449,0.04194997780066202,0.032904536227949636,0.017521355048654916,0.006443651139096018,0.0409546707630606,0.18203537842962958,0.12138822120543183,0.10093678988102789,0.08539614171296629,0.026663867364954588,0.08009214106210306,0.08697982936498062,0.0,0.011242551151738297,0.0762634664698405,0.14301926123087502,0.0635753384277742,0.010201582780043897,0.04798434269382777,0.05396977534161755,0.03484337661868149,0.09025788597184345,0.2595736250644163,0.13868236372586187,0.08612287322404562,0.06541588865569418,0.1826606926062235
Serbian Orthodox Church,0.034995664282686176,0.05983330424988576,0.19350377525606716,0.11621739100842078,0.06706148437243706,0.07451200354200456,0.18045979521027947,0.03680566517991182,0.025266045217035554,0.06593029827544339,0.07590431538979721,0.1386047799941054,0.06225766488601755,0.01479875471529369,0.03105648551446674,0.03690269276229988,0.08848852808369069,0.05439232028444741,0.019258686519598264,0.0734341386444446,0.013755551389213184,0.04041349701083603,0.14612837910417673,0.11462813232779151,0.029050412837645267,0.10425602325655463,0.14036987687003616,0.09056895371470684,0.08553849555288019,0.1492872826881943,0.0721259465646119,0.07606062512962265,0.03777195044314245,0.08357783174471509,0.07020158340589149,0.04353098809542894,0.03718430861620036,0.020030762990815174,0.012747994723993093,0.042372397942949676,0.19169428080756892,0.13031695411401994,0.10359228217795699,0.09033723566889572,0.024530521627489536,0.08865684125974885,0.09210741338624216,0.011242551151738297,0.0,0.0823589960684969,0.14742462595147132,0.06813699096737978,0.01825341737769169,0.047965468728043706,0.059330905182792264,0.03823521582712558,0.09519197141117794,0.2600840241953535,0.14619616836463695,0.085830003895885,0.06876114633865484,0.19215423116075883
Seventh-day Adventist Church,0.06423211877314482,0.07565629522043814,0.1088654924041655,0.048202961627113065,0.04726905767183897,0.017106603716676282,0.10466015849787376,0.03084200046979148,0.07111565246644608,0.03858991830623984,0.10220060545322936,0.059354207004106395,0.056148679753751984,0.08375623409324469,0.07619393868180457,0.08012963022452586,0.028069242139959687,0.11306151987103442,0.07602587767810268,0.01256320539775939,0.08290117803050609,0.09453656269589014,0.0766549410203283,0.03909330252431068,0.08929395651803038,0.03920188166171587,0.07972647297562434,0.030467155555919192,0.023222506185265918,0.05116130415952358,0.015942055710754625,0.038095563583885,0.09379355281459209,0.044667525743852216,0.013674526356517018,0.07360499520861859,0.06567473669217704,0.07428619704826958,0.07404191242539562,0.03209738291080604,0.10300796022905546,0.045782814462266334,0.047715197298462,0.01647404446911736,0.10310402644556804,0.10030004323473457,0.017847662637927246,0.0762634664698405,0.0823589960684969,0.0,0.06012101365709005,0.025393469972282253,0.08796431217517922,0.038159846245813006,0.04105858813509204,0.054183500632049644,0.024081594521204577,0.39780972597140185,0.0610378134903722,0.09836805918732547,0.04720470001107788,0.1121381510278102
Shia,0.1377541872025241,0.11679457702220795,0.13633713601895672,0.08441232577038672,0.10008374040244787,0.08257809414977481,0.15430274105947334,0.09090604411545071,0.14139796642173724,0.09229542038070286,0.1367851066229854,0.07112938415256638,0.09793099872575806,0.1493277373402597,0.1386901272644432,0.1396695263977764,0.06643148494507421,0.20071969516480004,0.15732671712407206,0.05957530822844492,0.16082459284771083,0.18562933520595093,0.04347092524366727,0.09172787561087097,0.17655221525055442,0.08213382824867,0.06257216195092472,0.10644862701582065,0.07783800289086865,0.07475561954824339,0.06839580263626648,0.07479001770035157,0.16407551432563075,0.058576147002413446,0.06811893369446523,0.1355361532295521,0.1170778064281037,0.1454086637405684,0.1325114395399298,0.0971380315576848,0.14369342598470947,0.09888149065290627,0.05446250657546353,0.05920494751319252,0.17129934496866475,0.13362864837697555,0.06520734301796226,0.14301926123087502,0.14742462595147132,0.06012101365709005,0.0,0.06374389027001447,0.15748339799900996,0.09324930468447815,0.09562250224063949,0.1127063676225276,0.055807337082118075,0.42497902025507783,0.05119545584334789,0.13641277422062031,0.07508841044533823,0.1495976757414479
Sikhism,0.07324789634298552,0.07836253897193556,0.12520362906970792,0.06311302024951185,0.04307011608585242,0.029530178708655434,0.12835711129000263,0.02784290256293873,0.07002234937721541,0.04973654029356401,0.10194981395052773,0.07451131290900447,0.0591344906445978,0.06970739581190427,0.0756143955932097,0.07970441885638939,0.03081293778343194,0.1053402486928718,0.07407833772966638,0.02545254229432584,0.07492502645257434,0.09701048547410547,0.08060121053890495,0.06305249932091421,0.08700757673390552,0.040547347587077426,0.0655984837909733,0.04923068789972476,0.03233998073994005,0.05624986398163672,0.0286512551635081,0.05070014377754665,0.09074614819293723,0.04427453260970339,0.023732150455478024,0.07744749152048398,0.05890709094944446,0.06425012213826663,0.06353920768742102,0.03434805775301925,0.12887591176914334,0.06821279361156929,0.05166163756694072,0.031161370330744346,0.09354691330766177,0.099546078006583,0.031828852270466106,0.0635753384277742,0.06813699096737978,0.025393469972282253,0.06374389027001447,0.0,0.07905083818092452,0.040680453837814004,0.03790258367589989,0.052948314818834503,0.032166069169324685,0.3627172661304813,0.052246516880578873,0.10481656263170382,0.046880423714180726,0.13658974940678917
Slovak Greek Catholic Church,0.036543048826415396,0.06460281976983655,0.1779784534067059,0.12725192073204625,0.0754123444183936,0.0787828383179413,0.16484200757885048,0.04908575912677482,0.01803036006026475,0.07625073163967146,0.07940104363611615,0.14749432444145305,0.07148878079620104,0.018183524052920813,0.036634967815230596,0.03879364929929629,0.10300306533052088,0.046368730297232735,0.025018083620053713,0.0860781821690165,0.00896834823781201,0.03256396817854693,0.15085054823356023,0.12305295243104863,0.022239171533887037,0.12261425178692341,0.14877100890016284,0.09046067896957155,0.09242465974270109,0.15145437871060027,0.08055637542250148,0.09350675488507386,0.03321332343262248,0.0954879965471264,0.07553584717486889,0.04062616925851195,0.044904115975889086,0.031619072472394934,0.015580577984865127,0.050886109835350885,0.1808909541643235,0.12895116864124018,0.11982227705088742,0.09936745303488695,0.02360088003592744,0.08611925043875855,0.10489994135681276,0.010201582780043897,0.01825341737769169,0.08796431217517922,0.15748339799900996,0.07905083818092452,0.0,0.059416274035219936,0.06926965080593546,0.04792978223455264,0.10097366310487874,0.2591011727680617,0.15446659326797438,0.09066918891512792,0.07537719930531615,0.17886433251085895
Spiritism,0.03070011068190863,0.0400897803591214,0.1729691535216023,0.08000464317418592,0.04921539616328146,0.043250188264872286,0.15327754434037408,0.028570653982668247,0.055956266155010904,0.03206935110419136,0.06170519389684147,0.09770299045214881,0.04070666737903402,0.044774975025966626,0.06056494737885454,0.0376102186921559,0.04917055573626433,0.07756404323611692,0.05285281311207749,0.02515753689510701,0.05274929780637083,0.06269557816114417,0.09260645907471256,0.06561116788891025,0.06084509204705613,0.06409095337563589,0.08895163803742367,0.05971974193379383,0.052488565486196535,0.10496639804760217,0.026409438520347155,0.05510187786274044,0.06993467484760421,0.04103817226873439,0.025863414787915512,0.03281793429931326,0.025566043615582727,0.04514112064827258,0.04708744200980543,0.02895652886659515,0.16003359564348665,0.08528426392309225,0.06281638385882167,0.041267428702044875,0.06102793741737704,0.05815677755061923,0.055548941375126816,0.04798434269382777,0.047965468728043706,0.038159846245813006,0.09324930468447815,0.040680453837814004,0.059416274035219936,0.0,0.03783308528820167,0.02913335904144017,0.03988086721176378,0.39311913602293447,0.09810525732924617,0.05856728161998087,0.028090637234676794,0.16533856225745877
Sunni,0.04123384234652044,0.053137711631597945,0.10816953062752803,0.0757647431864206,0.04053526062274783,0.03519390427430812,0.1197538594377547,0.03213033451710219,0.0487868298854702,0.03523325649864296,0.07859397997423528,0.11496145429290806,0.043101035044700205,0.05597183585038448,0.050522322485619726,0.06673871520340209,0.04355375771450925,0.07326938033854576,0.059496778286578546,0.03494590857985849,0.06097608516826156,0.06823471657310644,0.12631724446764714,0.06723977696607042,0.06168039848074977,0.05263348917631303,0.11295505766381335,0.03414212083208147,0.021122028585756045,0.0875193730373861,0.03519847874958686,0.05725572105459052,0.05811552665564338,0.06462115100078702,0.027173526198256776,0.057262065172114046,0.035118115637431994,0.04481747621431952,0.057148569199562765,0.020791807888714715,0.13063448515312057,0.06130922199636582,0.07658212420661503,0.04396512092733143,0.09022827047731068,0.07043404627085127,0.05630638207665984,0.05396977534161755,0.059330905182792264,0.04105858813509204,0.09562250224063949,0.03790258367589989,0.06926965080593546,0.03783308528820167,0.0,0.0414381440518313,0.046909443954019234,0.37065594699399057,0.09917033992482265,0.07782181124594155,0.058586742642776815,0.13804217694382592
Taoism (Han Chinese),0.040843455727783966,0.03816483223960435,0.17308906690755085,0.07999466106937911,0.051638928118439516,0.05330389880139216,0.16490487655926014,0.017971205864608524,0.042884837413885386,0.03045583396703378,0.032430599345990095,0.102847239965958,0.03203040630701927,0.04482763078507137,0.04917168012048692,0.029049696438247508,0.05326410889530047,0.092099028985546,0.029043451461995294,0.038686558090064785,0.03963671545519159,0.06839836963713458,0.10903440735987001,0.07161243142733184,0.052964502695339234,0.06912481802763683,0.1050593862951575,0.06427623901877325,0.05684605844905559,0.11928871962760672,0.042698627991103875,0.05334110117534997,0.05848782843511707,0.049331703017589,0.03886325000984927,0.02624489270991434,0.029596143268020212,0.039920233239010325,0.03606143896041666,0.032754845328215834,0.1737599030222292,0.09601317841218415,0.06969768136286716,0.05337773822469169,0.0523756882840536,0.05660792254603059,0.06437563427972147,0.03484337661868149,0.03823521582712558,0.054183500632049644,0.1127063676225276,0.052948314818834503,0.04792978223455264,0.02913335904144017,0.0414381440518313,0.0,0.0529602371791923,0.37132740284141164,0.10822896993104524,0.06484880569355728,0.024688369418203574,0.17634076754377054
The African Church,0.07418679558631085,0.05090642640633329,0.13837700051121038,0.05309775012502408,0.052636563433164474,0.03528984922113222,0.13252212244483527,0.04077988920272202,0.08763406473513176,0.032140998175000345,0.07699800056827828,0.06326959643860046,0.04812884449113484,0.09490257560824546,0.09400573287211124,0.07697581803480587,0.03191032419653999,0.13427588047247388,0.09671152429554135,0.01715354993867747,0.1005375827939375,0.12292321611066946,0.06370008588513097,0.04333443658110395,0.10881889512483005,0.041494603394092305,0.0651693725309638,0.04859653933210558,0.037272945035584745,0.06410338483070768,0.020488472012125822,0.047568585694320493,0.10999867327405316,0.032763844713283356,0.017360949654843656,0.06838151299898261,0.05730777632309433,0.08961005618830728,0.08559397640211484,0.045058303319838254,0.13023923754426728,0.0597905675489775,0.04240060675713706,0.020542934729885862,0.11233152938881454,0.0716268521455172,0.03673535764493436,0.09025788597184345,0.09519197141117794,0.024081594521204577,0.055807337082118075,0.032166069169324685,0.10097366310487874,0.03988086721176378,0.046909443954019234,0.0529602371791923,0.0,0.3982400054848571,0.052372879375184984,0.07331629075644229,0.03391329627075073,0.13425132285970576
United Evangelical Church in Nigeria,0.2863720859538069,0.2966897001386446,0.38321782882554073,0.4322136181648065,0.3668832226985092,0.4600971082826088,0.3382960926845434,0.4062464625304274,0.2543926491770628,0.3999191726344516,0.3337164999746642,0.4318427506838173,0.34286793825247286,0.2606080566083565,0.3019354590218468,0.2911510884328769,0.484141007891357,0.25718885959350324,0.3380619544625025,0.4038305053723712,0.2595661440770321,0.25435684405573805,0.40945853241229035,0.4737932314458888,0.2588971270264575,0.4886487608344662,0.40153143319968526,0.3876625911968305,0.41256042177062535,0.4334901690368669,0.4029121603312469,0.46911329122779755,0.26389767268219805,0.39286209681098644,0.37917799956100556,0.2956574650024227,0.32928955603246585,0.3702541166459156,0.26027329001429067,0.38240152991164034,0.4073352563968499,0.41144548965851063,0.4323830919608711,0.41192848348015426,0.26227165830039645,0.3307568025801267,0.4724512615684958,0.2595736250644163,0.2600840241953535,0.39780972597140185,0.42497902025507783,0.3627172661304813,0.2591011727680617,0.39311913602293447,0.37065594699399057,0.37132740284141164,0.3982400054848571,0.0,0.42608188246238543,0.3297304273575948,0.3437639669653574,0.40364732388917096
Vietnam Ancestral worshipping / Tradition,0.15447676381644035,0.124880449664866,0.142593798644296,0.0821904498801253,0.08812731096236287,0.08098137858191214,0.15991140029019635,0.07807613390838454,0.1475272055885993,0.08860991678851901,0.13718308157268244,0.05193928302029137,0.09384333894446818,0.1511205603077542,0.15010914107897322,0.1400636926632196,0.05433570348143652,0.2093094863639268,0.1511398560555931,0.05756128986543299,0.15642594342302776,0.19439298543668482,0.04333598355056156,0.08506426058520782,0.18036821237541745,0.0717063315712853,0.03812265534124776,0.10314969420401317,0.07479707026878472,0.05816231196447716,0.06941813319721127,0.07535899793358185,0.17463694359081203,0.06024311621995642,0.07036293353098115,0.14064322595524215,0.11961879692351253,0.14861522778615155,0.1314934661127266,0.09913464357592493,0.14465946619214734,0.10179764394404592,0.059261704870160525,0.054107539003800637,0.16751332632820348,0.13546828993892923,0.05590163350137202,0.13868236372586187,0.14619616836463695,0.0610378134903722,0.05119545584334789,0.052246516880578873,0.15446659326797438,0.09810525732924617,0.09917033992482265,0.10822896993104524,0.052372879375184984,0.42608188246238543,0.0,0.14103231337225128,0.07632306631856899,0.15140382698803556
Vodou,0.06546936540527894,0.031671449338143504,0.22203113733332092,0.12248133230715041,0.08413173192785565,0.11000797935490357,0.1989389868958282,0.08022965464414777,0.08919507524758935,0.052580293485353244,0.05027122866188768,0.14996055900319333,0.05036958024360883,0.09223229512872466,0.09489092251507172,0.06968108714285957,0.09384275670541606,0.1339521913220598,0.10316485406597493,0.07781909789327152,0.09421921943169911,0.11956733383627631,0.12768012063399273,0.11728815621551184,0.11181023459748171,0.10846945274322196,0.12340436584019006,0.1098200197562932,0.10563106517546889,0.15886149002355548,0.07581212943338214,0.09451799926905026,0.10809140577406441,0.07719153672108028,0.0818159559497711,0.05998125390018906,0.042133701941701025,0.09603294482130863,0.07999781097117145,0.08772942019061307,0.2031123026413686,0.13523113820823923,0.10166338937281896,0.0882311226499241,0.11771891952096657,0.04518394536027438,0.1179550849864298,0.08612287322404562,0.085830003895885,0.09836805918732547,0.13641277422062031,0.10481656263170382,0.09066918891512792,0.05856728161998087,0.07782181124594155,0.06484880569355728,0.07331629075644229,0.3297304273575948,0.14103231337225128,0.0,0.06595050297961357,0.20880602825073172
Yiguandao,0.06137134769323745,0.04167186390761633,0.1824091589552291,0.07287718977603135,0.06216888979438323,0.059693054444459985,0.17484514450834482,0.03161340871515958,0.07516023537898021,0.035416042927984226,0.03679167090088443,0.07614765669426726,0.03722093663574732,0.07355179959268165,0.07859903477246782,0.0444250854322534,0.046295011188606676,0.12800363910106197,0.0682859389275294,0.027736999730205165,0.07401045686477163,0.10444531033914116,0.05948710920713432,0.06308769826478396,0.0907049570514545,0.06439502287595292,0.06161331072354664,0.07963175490033815,0.06473174579313025,0.10624818544810864,0.03776958304824198,0.05524502973717497,0.09396237161084489,0.02760151301014153,0.03610179235154491,0.040377739055544815,0.04277148309151718,0.07438636938672198,0.06146265983470788,0.05114019411025353,0.17604214947251076,0.09737444939452795,0.04597056219515769,0.04093795975084883,0.08042334734747282,0.05615772668872176,0.05678880984301637,0.06541588865569418,0.06876114633865484,0.04720470001107788,0.07508841044533823,0.046880423714180726,0.07537719930531615,0.028090637234676794,0.058586742642776815,0.024688369418203574,0.03391329627075073,0.3437639669653574,0.07632306631856899,0.06595050297961357,0.0,0.17993625626184273
Zion Christian Church,0.17348043754159495,0.18770526060850468,0.0940720339332909,0.10807395525683289,0.09866273764508084,0.10149208674432374,0.025183938358465257,0.14379687690729467,0.16484072908847405,0.12422108627302082,0.2172477473956006,0.1131396519457974,0.15453404245631305,0.18827529380162325,0.17220732554237964,0.20113009469434184,0.09934292090580753,0.20080064436748987,0.1735782718228896,0.12255336904712709,0.18596368869613056,0.1897969233011829,0.1803903688677273,0.08483514772501971,0.1864122819759484,0.11183093429622985,0.20441670212248012,0.08074341926371778,0.09392308496339376,0.05139871735914223,0.10883432079669433,0.12215960672711236,0.18808118777057087,0.15693202120290317,0.12634106486518412,0.19083091077337305,0.18325113479607896,0.1742230295558984,0.18324876206099067,0.12832891757741377,0.021464084960338584,0.04606658231030342,0.14463102192876442,0.09256203293452146,0.21527864555221002,0.21581116698896266,0.10144006601344681,0.1826606926062235,0.19215423116075883,0.1121381510278102,0.1495976757414479,0.13658974940678917,0.17886433251085895,0.16533856225745877,0.13804217694382592,0.17634076754377054,0.13425132285970576,0.40364732388917096,0.15140382698803556,0.20880602825073172,0.17993625626184273,0.0
